id;name;description;release_date;type;genre;creator;rating;link;available_in_hd
1;Checking Account parsing;Strategist calculating;2020-05-14;SERIES;FANTASY;flexibility;18389;Zimbabwe Honduras;true
2;deposit;Mobility Investment Account Money Market Account;2020-05-13;FILM;COMEDY;Northern Mariana Islands solid state Optional;22768;Savings Account;false
3;Outdoors Investment Account Fully-configurable;connecting;2020-05-13;FILM;SCIENCE;bandwidth sticky solutions;43886;Representative Chips;false
4;Agent;Handmade application Cotton;2020-05-13;SERIES;COMEDY;Taka Refined;7221;Multi-lateral PCI;false
5;invoice;Practical AGP;2020-05-13;SERIES;ANIME;monetize embrace backing up;10494;Generic Fresh Pants;false
6;bandwidth Usability navigate;migration Legacy Fresh;2020-05-14;SERIES;COMEDY;Licensed e-services Implemented;86562;instruction set channels;true
7;web-enabled;invoice Tasty Frozen Shoes;2020-05-13;FILM;ACTION;Exclusive PCI;61312;facilitate;false
8;exploit;Fresh orange grid-enabled;2020-05-13;FILM;COMEDY;Tasty installation Engineer;91240;Tenge back-end Buckinghamshire;true
9;Awesome Cotton Ball payment;Small Rustic Fresh Bacon;2020-05-13;SERIES;ANIME;Frozen Bacon Station;2446;Steel;true
10;methodical copying;Ergonomic Frozen Pizza;2020-05-13;FILM;ACTION;RAM;36242;copy core IB;true
