id;name;email;password;bio;category;birth_date
1;payment salmon fuchsia;Theresia25@gmail.com;input Drive;Technician Chief enterprise;CHILD;2020-05-13
2;New York;Denis_Borer@hotmail.com;Texas Table;Regional lavender Fantastic;ADULT;2020-05-14
3;foreground Metical;Serena_Tillman@gmail.com;Money Market Account Belgium;systemic transmitting;CHILD;2020-05-14
4;secondary Keyboard;Henriette.Abshire@hotmail.com;maroon Panama;payment;CHILD;2020-05-13
5;compressing;Rick27@yahoo.com;array maximize;Mouse Checking Account Montenegro;CHILD;2020-05-14
6;Communications;Newton_Becker@yahoo.com;Haiti;Practical;CHILD;2020-05-13
7;Licensed Steel Computer software Auto Loan Account;Jevon80@yahoo.com;Corner JSON navigating;Analyst generating PNG;CHILD;2020-05-13
8;strategize;Reba.Wehner@yahoo.com;transform Business-focused encompassing;Tools Dynamic;ADULT;2020-05-13
9;mobile Fresh hack;Delia27@gmail.com;Director white;Concrete functionalities Sierra Leone;CHILD;2020-05-14
10;El Salvador Colon US Dollar whiteboard;Karelle.Becker64@gmail.com;District Frozen Credit Card Account;SDD;CHILD;2020-05-13
